username,id_video,Safe,Suicide,Adult Content,Harmful Content,confuse
teddyyyyyy27,7116841099070623003,FALSE,FALSE,FALSE,FALSE,FALSE
girl_xinh.sexy,7298717939052711170,FALSE,FALSE,FALSE,FALSE,FALSE
ni.niice,7361815198019226897,FALSE,FALSE,FALSE,FALSE,FALSE
lingg2809,7344260975211662600,FALSE,FALSE,FALSE,FALSE,FALSE
diyen178,7243382142548561157,FALSE,FALSE,FALSE,FALSE,FALSE
vtvgo,6993621630958243074,FALSE,FALSE,FALSE,FALSE,FALSE
astro_physiccs,7222539049708440859,FALSE,FALSE,FALSE,FALSE,FALSE
rainy.nights4u,7039917518890355973,FALSE,FALSE,FALSE,FALSE,FALSE
bigc.supermarket,7233784956684635398,FALSE,FALSE,FALSE,FALSE,FALSE
quangthuongmeomeomeo,7368107565818891536,FALSE,FALSE,FALSE,FALSE,FALSE
nguyenanhhphuong,7282017699599781138,FALSE,FALSE,FALSE,FALSE,FALSE
lebaoofficial,7370529984873499920,FALSE,FALSE,FALSE,FALSE,FALSE
hoangtugay1999,7280920314760957202,FALSE,FALSE,FALSE,FALSE,FALSE
onechampionship,7224010141182545198,FALSE,FALSE,FALSE,FALSE,FALSE
crowandcompany,7130330542381305131,FALSE,FALSE,FALSE,FALSE,FALSE
vietcungmenano,7309713253230185730,FALSE,FALSE,FALSE,FALSE,FALSE
yeppo1119,7183689300289113370,FALSE,FALSE,FALSE,FALSE,FALSE
opsoc,6954941156937551105,FALSE,FALSE,FALSE,FALSE,FALSE
bacsichiase1102,7235635608167910662,FALSE,FALSE,FALSE,FALSE,FALSE
414kenny,7033559034930384175,FALSE,FALSE,FALSE,FALSE,FALSE
longremix2023,7282326525955804417,FALSE,FALSE,FALSE,FALSE,FALSE
mrmoister101,7209773777213869358,FALSE,FALSE,FALSE,FALSE,FALSE
tbphoto,7375595488357256494,FALSE,FALSE,FALSE,FALSE,FALSE
barbyyy.girl,7162537345953074438,FALSE,FALSE,FALSE,FALSE,FALSE
mai2509_,7269394566501928193,FALSE,FALSE,FALSE,FALSE,FALSE
color_tour,7246798062008421638,FALSE,FALSE,FALSE,FALSE,FALSE
jaybruv,6964131638691319046,FALSE,FALSE,FALSE,FALSE,FALSE
iloveyouglock,7010874331144195334,FALSE,FALSE,FALSE,FALSE,FALSE
linhcuuhoadaily,7284967729046605058,FALSE,FALSE,FALSE,FALSE,FALSE
meawthe,7343674431883005185,FALSE,FALSE,FALSE,FALSE,FALSE
maphayke,7313907173979950344,FALSE,FALSE,FALSE,FALSE,FALSE
travelcloser,7104322070711962885,FALSE,FALSE,FALSE,FALSE,FALSE
notsad.enough,7180295774087941381,FALSE,FALSE,FALSE,FALSE,FALSE
anakhantubeachbar_,7116454655357439259,FALSE,FALSE,FALSE,FALSE,FALSE
fl0werexplode,7225437249482263854,FALSE,FALSE,FALSE,FALSE,FALSE
hennieofficial,7276341131825253650,FALSE,FALSE,FALSE,FALSE,FALSE
mynameisjade48,7274220202789702954,FALSE,FALSE,FALSE,FALSE,FALSE
clubaventurieret1,7228604933531127045,FALSE,FALSE,FALSE,FALSE,FALSE
herodw,6770056820149996805,FALSE,FALSE,FALSE,FALSE,FALSE
robinsang_,7111308928310447387,FALSE,FALSE,FALSE,FALSE,FALSE
olivernordin1,7191875152290909446,FALSE,FALSE,FALSE,FALSE,FALSE
erben052299,7126788838852152603,FALSE,FALSE,FALSE,FALSE,FALSE
dautocartoon,7356177166620462382,FALSE,FALSE,FALSE,FALSE,FALSE
celisaveryswaggyfrog,7122043849404337413,FALSE,FALSE,FALSE,FALSE,FALSE
iris.hasi,7017488544486706438,FALSE,FALSE,FALSE,FALSE,FALSE
nghenhac.wetube,7218462118868340014,FALSE,FALSE,FALSE,FALSE,FALSE
.16.6.21,7080513374357835009,FALSE,FALSE,FALSE,FALSE,FALSE
anakhantubeachbar_,7072632430028475674,FALSE,FALSE,FALSE,FALSE,FALSE
zu_damdang,6777959106646002945,FALSE,FALSE,FALSE,FALSE,FALSE
haucungpamelatruyen,7320922121029340424,FALSE,FALSE,FALSE,FALSE,FALSE
thegioimevabe99,7254522471980829957,FALSE,FALSE,FALSE,FALSE,FALSE
countdowntilchristmas8,6982979735613705478,FALSE,FALSE,FALSE,FALSE,FALSE
bombom_vlog,7337652359939575047,FALSE,FALSE,FALSE,FALSE,FALSE
motoshop.ua,7341865264083946757,FALSE,FALSE,FALSE,FALSE,FALSE
nhacnaynghelanghien.real,7203304476973829402,FALSE,FALSE,FALSE,FALSE,FALSE
teddyyyyyy27,7143553587522702619,FALSE,FALSE,FALSE,FALSE,FALSE
rosannagray150,7113271626627665195,FALSE,FALSE,FALSE,FALSE,FALSE
zu_damdang,6777560043920395522,FALSE,FALSE,FALSE,FALSE,FALSE
audreyfannyau,7127994295218457883,FALSE,FALSE,FALSE,FALSE,FALSE
lhatemyiife.com,7164520465476619526,FALSE,FALSE,FALSE,FALSE,FALSE
1life.anthonyblane,7283159583516790021,FALSE,FALSE,FALSE,FALSE,FALSE
venting_.about_life,7224242964078300442,FALSE,FALSE,FALSE,FALSE,FALSE
jbummie,7372957949968354568,FALSE,FALSE,FALSE,FALSE,FALSE
anakhantubeachbar_,7148793081624595738,FALSE,FALSE,FALSE,FALSE,FALSE
drxgonslxyer,6895177487182040322,FALSE,FALSE,FALSE,FALSE,FALSE
m.n.thn563,7297264264006356242,FALSE,FALSE,FALSE,FALSE,FALSE
edcscott,6797876087880682757,FALSE,FALSE,FALSE,FALSE,FALSE
yukinash7,7269610618439748871,FALSE,FALSE,FALSE,FALSE,FALSE
kchipivha,7359191723022503185,FALSE,FALSE,FALSE,FALSE,FALSE
pkbyeak_,7135851681283165446,FALSE,FALSE,FALSE,FALSE,FALSE
ex1llen..qwe,7040447154556554498,FALSE,FALSE,FALSE,FALSE,FALSE
bmx_show,6979340626869357829,FALSE,FALSE,FALSE,FALSE,FALSE
senestrea_one,7077921551479262491,FALSE,FALSE,FALSE,FALSE,FALSE
baja.undedo,6885188505232837889,FALSE,FALSE,FALSE,FALSE,FALSE
buttflywings,6900392913172237574,FALSE,FALSE,FALSE,FALSE,FALSE
1life.anthonyblane,7352444832087870727,FALSE,FALSE,FALSE,FALSE,FALSE
teddyyyyyy27,7169205111892282651,FALSE,FALSE,FALSE,FALSE,FALSE
jenzombie2010,7196733917032877354,FALSE,FALSE,FALSE,FALSE,FALSE
cometkiddo,6847212380649213189,FALSE,FALSE,FALSE,FALSE,FALSE
bichthao2kkk,7236969476254649606,FALSE,FALSE,FALSE,FALSE,FALSE
hoang.bookingtong,7274139797545831688,FALSE,FALSE,FALSE,FALSE,FALSE
tish_editz,7263534438921948424,FALSE,FALSE,FALSE,FALSE,FALSE
_itznate,7337056846714326278,FALSE,FALSE,FALSE,FALSE,FALSE
flowmayhem,7363371185565977902,FALSE,FALSE,FALSE,FALSE,FALSE
peaceful_anyen,7270091933207334150,FALSE,FALSE,FALSE,FALSE,FALSE
reviewdoboi,7241074503969819909,FALSE,FALSE,FALSE,FALSE,FALSE
peachcrap,7356449721826757906,FALSE,FALSE,FALSE,FALSE,FALSE
numbersixtysix,6981782974194797830,FALSE,FALSE,FALSE,FALSE,FALSE
bombom_vlog,7270473447472418053,FALSE,FALSE,FALSE,FALSE,FALSE
05h.00mib,7121436630157626629,FALSE,FALSE,FALSE,FALSE,FALSE
deprimente777,7324804727865183493,FALSE,FALSE,FALSE,FALSE,FALSE
lipsclubsv,7269892680836992261,FALSE,FALSE,FALSE,FALSE,FALSE
thickd.daddy.27,7236839799464660250,FALSE,FALSE,FALSE,FALSE,FALSE
hmm_.ka,7149660882673454342,FALSE,FALSE,FALSE,FALSE,FALSE
thanhtuyendaily,7269243545322605830,FALSE,FALSE,FALSE,FALSE,FALSE
basedonblue,7377621043566988565,FALSE,FALSE,FALSE,FALSE,FALSE
zu_damdang,6776952930269465858,FALSE,FALSE,FALSE,FALSE,FALSE
loanhquanhmotminh,7235327171550530818,FALSE,FALSE,FALSE,FALSE,FALSE
hello.kittys.prisoner,7202359623666437382,FALSE,FALSE,FALSE,FALSE,FALSE
woonnotangun__,7221906826533539098,FALSE,FALSE,FALSE,FALSE,FALSE